<domain type='kvm' xmlns:qemu='http://libvirt.org/schemas/domain/qemu/1.0'>
  <name>guest-tdx-16c128g</name>
  <uuid>99772de4-7b2d-4f60-b725-a229a00d7fe7</uuid>
  <memory unit='KiB'>134217728</memory>
  <currentMemory unit='KiB'>134217728</currentMemory>

  <vcpu placement='static' cpuset='0-15'>16</vcpu>

  <iothreads>2</iothreads>
  <iothreadids>
    <iothread id='1'/>
    <iothread id='2'/>
  </iothreadids>

  <cputune>
    <vcpupin vcpu='0' cpuset='0'/>
    <vcpupin vcpu='1' cpuset='1'/>
    <vcpupin vcpu='2' cpuset='2'/>
    <vcpupin vcpu='3' cpuset='3'/>
    <vcpupin vcpu='4' cpuset='4'/>
    <vcpupin vcpu='5' cpuset='5'/>
    <vcpupin vcpu='6' cpuset='6'/>
    <vcpupin vcpu='7' cpuset='7'/>
    <vcpupin vcpu='8' cpuset='8'/>
    <vcpupin vcpu='9' cpuset='9'/>
    <vcpupin vcpu='10' cpuset='10'/>
    <vcpupin vcpu='11' cpuset='11'/>
    <vcpupin vcpu='12' cpuset='12'/>
    <vcpupin vcpu='13' cpuset='13'/>
    <vcpupin vcpu='14' cpuset='14'/>
    <vcpupin vcpu='15' cpuset='15'/>

    <iothreadpin iothread='1' cpuset='46'/>
    <iothreadpin iothread='2' cpuset='47'/>

  </cputune>

  <numatune>
    <memory mode='strict' nodeset='0'/>
  </numatune>
  <os>
    <type arch='x86_64' machine='q35'>hvm</type>
    <loader>/usr/share/OVMF/OVMF.fd</loader>
    <boot dev='hd'/>
  </os>
  <features>
    <acpi/>
    <apic/>
    <ioapic driver='qemu'/>
  </features>
  <clock offset='utc'>
    <timer name='hpet' present='no'/>
  </clock>
  <on_poweroff>destroy</on_poweroff>
  <on_reboot>restart</on_reboot>
  <on_crash>destroy</on_crash>
  <pm>
    <suspend-to-mem enable='no'/>
    <suspend-to-disk enable='no'/>
  </pm>
  <cpu mode='host-passthrough'>
    <topology sockets='1' cores='8' threads='1'/>
  </cpu>
  <devices>
    <emulator>/usr/bin/qemu-system-x86_64</emulator>
    <disk type="file" device="disk">
      <driver name='qemu' type='qcow2'/>
      <source file="/data02/images/non-td-jammy.qcow2"/>
      <target dev="vda" bus="virtio"/>
    </disk>
    <interface type="network">
      <mac address="52:54:00:4a:57:5a"/>
      <source network="default"/>
      <model type="virtio"/>
    </interface>
    <console type='pty'>
      <target type='virtio' port='0'/>
    </console>
    <channel type='unix'>
      <source mode='bind'/>
      <target type='virtio' name='org.qemu.guest_agent.0'/>
    </channel>
  </devices>
  <allowReboot value='no'/>
  <launchSecurity type='tdx'>
    <policy>0x10000000</policy>
  </launchSecurity>
  <qemu:commandline>
    <qemu:arg value='-cpu'/>
    <qemu:arg value='host,-kvm-steal-time'/>
  </qemu:commandline>
  </domain>
