<domain type='kvm' xmlns:qemu='http://libvirt.org/schemas/domain/qemu/1.0'>
  <name>guest-no-tdx-module-16c128g</name>
  <uuid>595d20fd-320d-4f87-a412-d9bb0b2567fe</uuid>

  <memory unit='KiB'>134217728</memory>
  <currentMemory unit='KiB'>134217728</currentMemory>

  <vcpu placement='static' cpuset='0-15'>16</vcpu>

  <iothreads>2</iothreads>
  <iothreadids>
    <iothread id='1'/>
    <iothread id='2'/>
  </iothreadids>

  <cputune>
    <vcpupin vcpu='0' cpuset='0'/>
    <vcpupin vcpu='1' cpuset='1'/>
    <vcpupin vcpu='2' cpuset='2'/>
    <vcpupin vcpu='3' cpuset='3'/>
    <vcpupin vcpu='4' cpuset='4'/>
    <vcpupin vcpu='5' cpuset='5'/>
    <vcpupin vcpu='6' cpuset='6'/>
    <vcpupin vcpu='7' cpuset='7'/>
    <vcpupin vcpu='8' cpuset='8'/>
    <vcpupin vcpu='9' cpuset='9'/>
    <vcpupin vcpu='10' cpuset='10'/>
    <vcpupin vcpu='11' cpuset='11'/>
    <vcpupin vcpu='12' cpuset='12'/>
    <vcpupin vcpu='13' cpuset='13'/>
    <vcpupin vcpu='14' cpuset='14'/>
    <vcpupin vcpu='15' cpuset='15'/>

    <iothreadpin iothread='1' cpuset='46'/>
    <iothreadpin iothread='2' cpuset='47'/>
  </cputune>

  <numatune>
    <memory mode='strict' nodeset='0'/>
  </numatune>

  <os>
    <type arch='x86_64' machine='q35'>hvm</type>
    <loader type='rom'>/usr/share/OVMF/OVMF.fd</loader>
    <boot dev='hd'/>

  </os>

  <features>
    <acpi/>
    <apic/>
    <ioapic driver='qemu'/>
  </features>
  <cpu mode='host-passthrough' check='none' migratable='on'>
    <topology sockets='1' dies='1' cores='16' threads='1'/>
  </cpu>
  <clock offset='utc'>
    <timer name='hpet' present='no'/>
  </clock>
  <on_poweroff>destroy</on_poweroff>
  <on_reboot>restart</on_reboot>
  <on_crash>destroy</on_crash>
  <devices>
    <emulator>/usr/bin/qemu-system-x86_64</emulator>
    <disk type='file' device='disk'>
      <driver name='qemu' type='qcow2' cache='none' io='native' iothread='2'/>
      <source file='/data02/images/tdx.2023-08-17/jammy.qcow2' index='1'/>
      <target dev='vda' bus='virtio'/>
    </disk>
    <console type='pty'>
      <log file='REPLACEME_LOG'/>
      <target type='virtio' port='0'/>
    </console>
    <interface type='bridge'>
      <source bridge='virbr0'/>
      <model type='virtio'/>
    </interface>
    <interface type="user">
      <model type="virtio"/>
      <address type='pci' domain='0x0000' bus='0x02' slot='0x00' function='0x0'/>
    </interface>
    <channel type='unix'>
      <source mode='bind'/>
      <target type='virtio' name='org.qemu.guest_agent.0'/>
    </channel>
  </devices>
  <qemu:commandline>
    <qemu:arg value='-cpu'/>
    <qemu:arg value='host,-shstk,-kvm-steal-time,pmu=off'/>
  </qemu:commandline>
</domain>
