<domain type='kvm' xmlns:qemu='http://libvirt.org/schemas/domain/qemu/1.0'>
  <name>legcy-base-perf-1socket</name>
  <uuid>595d20fd-320d-4f87-a412-d9bb0b2567fe</uuid>
  <memory unit='KiB'>402653184</memory>
  <currentMemory unit='KiB'>402653184</currentMemory>

  <vcpu placement='static' cpuset='0-47,96-143'>96</vcpu>
  <iothreads>2</iothreads>
  <iothreadids>
    <iothread id='1'/>
    <iothread id='2'/>
  </iothreadids>

  <cputune>
    <vcpupin vcpu='0' cpuset='0, 96'/>
    <vcpupin vcpu='1' cpuset='1, 97'/>
    <vcpupin vcpu='2' cpuset='2, 98'/>
    <vcpupin vcpu='3' cpuset='3, 99'/>
    <vcpupin vcpu='4' cpuset='4, 100'/>
    <vcpupin vcpu='5' cpuset='5, 101'/>
    <vcpupin vcpu='6' cpuset='6, 102'/>
    <vcpupin vcpu='7' cpuset='7, 103'/>
    <vcpupin vcpu='8' cpuset='8, 104'/>
    <vcpupin vcpu='9' cpuset='9, 105'/>
    <vcpupin vcpu='10' cpuset='10, 106'/>
    <vcpupin vcpu='11' cpuset='11, 107'/>
    <vcpupin vcpu='12' cpuset='12, 108'/>
    <vcpupin vcpu='13' cpuset='13, 109'/>
    <vcpupin vcpu='14' cpuset='14, 110'/>
    <vcpupin vcpu='15' cpuset='15, 111'/>
    <vcpupin vcpu='16' cpuset='16, 112'/>
    <vcpupin vcpu='17' cpuset='17, 113'/>
    <vcpupin vcpu='18' cpuset='18, 114'/>
    <vcpupin vcpu='19' cpuset='19, 115'/>
    <vcpupin vcpu='20' cpuset='20, 116'/>
    <vcpupin vcpu='21' cpuset='21, 117'/>
    <vcpupin vcpu='22' cpuset='22, 118'/>
    <vcpupin vcpu='23' cpuset='23, 119'/>
    <vcpupin vcpu='24' cpuset='24, 120'/>
    <vcpupin vcpu='25' cpuset='25, 121'/>
    <vcpupin vcpu='26' cpuset='26, 122'/>
    <vcpupin vcpu='27' cpuset='27, 123'/>
    <vcpupin vcpu='28' cpuset='28, 124'/>
    <vcpupin vcpu='29' cpuset='29, 125'/>
    <vcpupin vcpu='30' cpuset='30, 126'/>
    <vcpupin vcpu='31' cpuset='31, 127'/>
    <vcpupin vcpu='32' cpuset='32, 128'/>
    <vcpupin vcpu='33' cpuset='33, 129'/>
    <vcpupin vcpu='34' cpuset='34, 130'/>
    <vcpupin vcpu='35' cpuset='35, 131'/>
    <vcpupin vcpu='36' cpuset='36, 132'/>
    <vcpupin vcpu='37' cpuset='37, 133'/>
    <vcpupin vcpu='38' cpuset='38, 134'/>
    <vcpupin vcpu='39' cpuset='39, 135'/>
    <vcpupin vcpu='40' cpuset='40, 136'/>
    <vcpupin vcpu='41' cpuset='41, 137'/>
    <vcpupin vcpu='42' cpuset='42, 138'/>
    <vcpupin vcpu='43' cpuset='43, 139'/>
    <vcpupin vcpu='44' cpuset='44, 140'/>
    <vcpupin vcpu='45' cpuset='45, 141'/>
    <vcpupin vcpu='46' cpuset='46, 142'/>
    <vcpupin vcpu='47' cpuset='47, 143'/>

    <vcpupin vcpu='48' cpuset='0, 96'/>
    <vcpupin vcpu='49' cpuset='1, 97'/>
    <vcpupin vcpu='50' cpuset='2, 98'/>
    <vcpupin vcpu='51' cpuset='3, 99'/>
    <vcpupin vcpu='52' cpuset='4, 100'/>
    <vcpupin vcpu='53' cpuset='5, 101'/>
    <vcpupin vcpu='54' cpuset='6, 102'/>
    <vcpupin vcpu='55' cpuset='7, 103'/>
    <vcpupin vcpu='56' cpuset='8, 104'/>
    <vcpupin vcpu='57' cpuset='9, 105'/>
    <vcpupin vcpu='58' cpuset='10, 106'/>
    <vcpupin vcpu='59' cpuset='11, 107'/>
    <vcpupin vcpu='60' cpuset='12, 108'/>
    <vcpupin vcpu='61' cpuset='13, 109'/>
    <vcpupin vcpu='62' cpuset='14, 110'/>
    <vcpupin vcpu='63' cpuset='15, 111'/>
    <vcpupin vcpu='64' cpuset='16, 112'/>
    <vcpupin vcpu='65' cpuset='17, 113'/>
    <vcpupin vcpu='66' cpuset='18, 114'/>
    <vcpupin vcpu='67' cpuset='19, 115'/>
    <vcpupin vcpu='68' cpuset='20, 116'/>
    <vcpupin vcpu='69' cpuset='21, 117'/>
    <vcpupin vcpu='70' cpuset='22, 118'/>
    <vcpupin vcpu='71' cpuset='23, 119'/>
    <vcpupin vcpu='72' cpuset='24, 120'/>
    <vcpupin vcpu='73' cpuset='25, 121'/>
    <vcpupin vcpu='74' cpuset='26, 122'/>
    <vcpupin vcpu='75' cpuset='27, 123'/>
    <vcpupin vcpu='76' cpuset='28, 124'/>
    <vcpupin vcpu='77' cpuset='29, 125'/>
    <vcpupin vcpu='78' cpuset='30, 126'/>
    <vcpupin vcpu='79' cpuset='31, 127'/>
    <vcpupin vcpu='80' cpuset='32, 128'/>
    <vcpupin vcpu='81' cpuset='33, 129'/>
    <vcpupin vcpu='82' cpuset='34, 130'/>
    <vcpupin vcpu='83' cpuset='35, 131'/>
    <vcpupin vcpu='84' cpuset='36, 132'/>
    <vcpupin vcpu='85' cpuset='37, 133'/>
    <vcpupin vcpu='86' cpuset='38, 134'/>
    <vcpupin vcpu='87' cpuset='39, 135'/>
    <vcpupin vcpu='88' cpuset='40, 136'/>
    <vcpupin vcpu='89' cpuset='41, 137'/>
    <vcpupin vcpu='90' cpuset='42, 138'/>
    <vcpupin vcpu='91' cpuset='43, 139'/>
    <vcpupin vcpu='92' cpuset='44, 140'/>
    <vcpupin vcpu='93' cpuset='45, 141'/>
    <vcpupin vcpu='94' cpuset='46, 142'/>
    <vcpupin vcpu='95' cpuset='47, 143'/>
  </cputune>
  <numatune>
    <memory mode='strict' nodeset='0'/>
  </numatune>

  <os>
    <type arch='x86_64' machine='q35'>hvm</type>
    <loader type='rom'>/usr/share/OVMF/OVMF.fd</loader>
    <boot dev='hd'/>
  </os>

  <features>
    <acpi/>
    <apic/>
    <ioapic driver='qemu'/>
  </features>
  <cpu mode='host-passthrough' check='none' migratable='on'>
    <topology sockets='1' dies='1' cores='96' threads='1'/>
  </cpu>
  <clock offset='utc'>
    <timer name='hpet' present='no'/>
  </clock>
  <on_poweroff>destroy</on_poweroff>
  <on_reboot>restart</on_reboot>
  <on_crash>destroy</on_crash>
  <devices>
    <emulator>/usr/bin/qemu-system-x86_64</emulator>
    <disk type='file' device='disk'>
      <driver name='qemu' type='qcow2' cache='none' io='native' iothread='2'/>
      <source file='/data02/images/tdx.2023-08-17/jammy.qcow2' index='1'/>
      <target dev='vda' bus='virtio'/>
    </disk>
    <console type='pty'>
      <log file='REPLACEME_LOG'/>
      <target type='virtio' port='0'/>
    </console>
    <interface type='bridge'>
      <source bridge='virbr0'/>
      <model type='virtio'/>
    </interface>
    <interface type="user">
      <model type="virtio"/>
      <address type='pci' domain='0x0000' bus='0x02' slot='0x00' function='0x0'/>
    </interface>
    <channel type='unix'>
      <source mode='bind'/>
      <target type='virtio' name='org.qemu.guest_agent.0'/>
    </channel>
  </devices>
  <qemu:commandline>
    <qemu:arg value='-cpu'/>
    <qemu:arg value='host,-shstk,-kvm-steal-time,pmu=off'/>
  </qemu:commandline>
</domain>
