<domain type='kvm' id='1' xmlns:qemu='http://libvirt.org/schemas/domain/qemu/1.0'>
  <name>i-yckdwgykpaa8j70mnhkp</name>
  <uuid>000c64c3-3aeb-fd4e-0003-b193a66cbeb9</uuid>
  <metadata>
    <volc:instance xmlns:volc="http://openstack.org/xmlns/libvirt/nova/1.0">
      <volc:owner>
        <volc:account id="2100046152"/>
      </volc:owner>
      <volc:name>shangli-test-hl</volc:name>
    </volc:instance>
  </metadata>
  <memory unit='KiB'>2055208960</memory>
  <currentMemory unit='KiB'>2055208960</currentMemory>
  <memoryBacking>
    <hugepages>
      <page size='1048576' unit='KiB' nodeset='0'/>
      <page size='1048576' unit='KiB' nodeset='1'/>
    </hugepages>
    <locked/>
    <allocation mode='immediate'/>
  </memoryBacking>
  <vcpu placement='static'>180</vcpu>
  <iothreads>4</iothreads>
  <iothreadids>
    <iothread id='1'/>
    <iothread id='2'/>
    <iothread id='3'/>
    <iothread id='4'/>
  </iothreadids>
  <cputune>
    <vcpupin vcpu='0' cpuset='6'/>
    <vcpupin vcpu='1' cpuset='102'/>
    <vcpupin vcpu='2' cpuset='10'/>
    <vcpupin vcpu='3' cpuset='106'/>
    <vcpupin vcpu='4' cpuset='22'/>
    <vcpupin vcpu='5' cpuset='118'/>
    <vcpupin vcpu='6' cpuset='108'/>
    <vcpupin vcpu='7' cpuset='12'/>
    <vcpupin vcpu='8' cpuset='19'/>
    <vcpupin vcpu='9' cpuset='115'/>
    <vcpupin vcpu='10' cpuset='24'/>
    <vcpupin vcpu='11' cpuset='120'/>
    <vcpupin vcpu='12' cpuset='35'/>
    <vcpupin vcpu='13' cpuset='131'/>
    <vcpupin vcpu='14' cpuset='36'/>
    <vcpupin vcpu='15' cpuset='132'/>
    <vcpupin vcpu='16' cpuset='99'/>
    <vcpupin vcpu='17' cpuset='3'/>
    <vcpupin vcpu='18' cpuset='107'/>
    <vcpupin vcpu='19' cpuset='11'/>
    <vcpupin vcpu='20' cpuset='139'/>
    <vcpupin vcpu='21' cpuset='43'/>
    <vcpupin vcpu='22' cpuset='2'/>
    <vcpupin vcpu='23' cpuset='98'/>
    <vcpupin vcpu='24' cpuset='17'/>
    <vcpupin vcpu='25' cpuset='113'/>
    <vcpupin vcpu='26' cpuset='29'/>
    <vcpupin vcpu='27' cpuset='125'/>
    <vcpupin vcpu='28' cpuset='32'/>
    <vcpupin vcpu='29' cpuset='128'/>
    <vcpupin vcpu='30' cpuset='112'/>
    <vcpupin vcpu='31' cpuset='16'/>
    <vcpupin vcpu='32' cpuset='121'/>
    <vcpupin vcpu='33' cpuset='25'/>
    <vcpupin vcpu='34' cpuset='137'/>
    <vcpupin vcpu='35' cpuset='41'/>
    <vcpupin vcpu='36' cpuset='23'/>
    <vcpupin vcpu='37' cpuset='119'/>
    <vcpupin vcpu='38' cpuset='100'/>
    <vcpupin vcpu='39' cpuset='4'/>
    <vcpupin vcpu='40' cpuset='111'/>
    <vcpupin vcpu='41' cpuset='15'/>
    <vcpupin vcpu='42' cpuset='129'/>
    <vcpupin vcpu='43' cpuset='33'/>
    <vcpupin vcpu='44' cpuset='101'/>
    <vcpupin vcpu='45' cpuset='5'/>
    <vcpupin vcpu='46' cpuset='117'/>
    <vcpupin vcpu='47' cpuset='21'/>
    <vcpupin vcpu='48' cpuset='130'/>
    <vcpupin vcpu='49' cpuset='34'/>
    <vcpupin vcpu='50' cpuset='110'/>
    <vcpupin vcpu='51' cpuset='14'/>
    <vcpupin vcpu='52' cpuset='9'/>
    <vcpupin vcpu='53' cpuset='105'/>
    <vcpupin vcpu='54' cpuset='20'/>
    <vcpupin vcpu='55' cpuset='116'/>
    <vcpupin vcpu='56' cpuset='27'/>
    <vcpupin vcpu='57' cpuset='123'/>
    <vcpupin vcpu='58' cpuset='45'/>
    <vcpupin vcpu='59' cpuset='141'/>
    <vcpupin vcpu='60' cpuset='134'/>
    <vcpupin vcpu='61' cpuset='38'/>
    <vcpupin vcpu='62' cpuset='109'/>
    <vcpupin vcpu='63' cpuset='13'/>
    <vcpupin vcpu='64' cpuset='114'/>
    <vcpupin vcpu='65' cpuset='18'/>
    <vcpupin vcpu='66' cpuset='1'/>
    <vcpupin vcpu='67' cpuset='97'/>
    <vcpupin vcpu='68' cpuset='8'/>
    <vcpupin vcpu='69' cpuset='104'/>
    <vcpupin vcpu='70' cpuset='44'/>
    <vcpupin vcpu='71' cpuset='140'/>
    <vcpupin vcpu='72' cpuset='37'/>
    <vcpupin vcpu='73' cpuset='133'/>
    <vcpupin vcpu='74' cpuset='40'/>
    <vcpupin vcpu='75' cpuset='136'/>
    <vcpupin vcpu='76' cpuset='127'/>
    <vcpupin vcpu='77' cpuset='31'/>
    <vcpupin vcpu='78' cpuset='103'/>
    <vcpupin vcpu='79' cpuset='7'/>
    <vcpupin vcpu='80' cpuset='26'/>
    <vcpupin vcpu='81' cpuset='122'/>
    <vcpupin vcpu='82' cpuset='30'/>
    <vcpupin vcpu='83' cpuset='126'/>
    <vcpupin vcpu='84' cpuset='39'/>
    <vcpupin vcpu='85' cpuset='135'/>
    <vcpupin vcpu='86' cpuset='42'/>
    <vcpupin vcpu='87' cpuset='138'/>
    <vcpupin vcpu='88' cpuset='28'/>
    <vcpupin vcpu='89' cpuset='124'/>
    <vcpupin vcpu='90' cpuset='77'/>
    <vcpupin vcpu='91' cpuset='173'/>
    <vcpupin vcpu='92' cpuset='88'/>
    <vcpupin vcpu='93' cpuset='184'/>
    <vcpupin vcpu='94' cpuset='160'/>
    <vcpupin vcpu='95' cpuset='64'/>
    <vcpupin vcpu='96' cpuset='62'/>
    <vcpupin vcpu='97' cpuset='158'/>
    <vcpupin vcpu='98' cpuset='66'/>
    <vcpupin vcpu='99' cpuset='162'/>
    <vcpupin vcpu='100' cpuset='148'/>
    <vcpupin vcpu='101' cpuset='52'/>
    <vcpupin vcpu='102' cpuset='151'/>
    <vcpupin vcpu='103' cpuset='55'/>
    <vcpupin vcpu='104' cpuset='152'/>
    <vcpupin vcpu='105' cpuset='56'/>
    <vcpupin vcpu='106' cpuset='178'/>
    <vcpupin vcpu='107' cpuset='82'/>
    <vcpupin vcpu='108' cpuset='59'/>
    <vcpupin vcpu='109' cpuset='155'/>
    <vcpupin vcpu='110' cpuset='58'/>
    <vcpupin vcpu='111' cpuset='154'/>
    <vcpupin vcpu='112' cpuset='74'/>
    <vcpupin vcpu='113' cpuset='170'/>
    <vcpupin vcpu='114' cpuset='86'/>
    <vcpupin vcpu='115' cpuset='182'/>
    <vcpupin vcpu='116' cpuset='150'/>
    <vcpupin vcpu='117' cpuset='54'/>
    <vcpupin vcpu='118' cpuset='156'/>
    <vcpupin vcpu='119' cpuset='60'/>
    <vcpupin vcpu='120' cpuset='159'/>
    <vcpupin vcpu='121' cpuset='63'/>
    <vcpupin vcpu='122' cpuset='49'/>
    <vcpupin vcpu='123' cpuset='145'/>
    <vcpupin vcpu='124' cpuset='180'/>
    <vcpupin vcpu='125' cpuset='84'/>
    <vcpupin vcpu='126' cpuset='189'/>
    <vcpupin vcpu='127' cpuset='93'/>
    <vcpupin vcpu='128' cpuset='161'/>
    <vcpupin vcpu='129' cpuset='65'/>
    <vcpupin vcpu='130' cpuset='91'/>
    <vcpupin vcpu='131' cpuset='187'/>
    <vcpupin vcpu='132' cpuset='163'/>
    <vcpupin vcpu='133' cpuset='67'/>
    <vcpupin vcpu='134' cpuset='73'/>
    <vcpupin vcpu='135' cpuset='169'/>
    <vcpupin vcpu='136' cpuset='89'/>
    <vcpupin vcpu='137' cpuset='185'/>
    <vcpupin vcpu='138' cpuset='179'/>
    <vcpupin vcpu='139' cpuset='83'/>
    <vcpupin vcpu='140' cpuset='181'/>
    <vcpupin vcpu='141' cpuset='85'/>
    <vcpupin vcpu='142' cpuset='79'/>
    <vcpupin vcpu='143' cpuset='175'/>
    <vcpupin vcpu='144' cpuset='92'/>
    <vcpupin vcpu='145' cpuset='188'/>
    <vcpupin vcpu='146' cpuset='51'/>
    <vcpupin vcpu='147' cpuset='147'/>
    <vcpupin vcpu='148' cpuset='61'/>
    <vcpupin vcpu='149' cpuset='157'/>
    <vcpupin vcpu='150' cpuset='87'/>
    <vcpupin vcpu='151' cpuset='183'/>
    <vcpupin vcpu='152' cpuset='172'/>
    <vcpupin vcpu='153' cpuset='76'/>
    <vcpupin vcpu='154' cpuset='186'/>
    <vcpupin vcpu='155' cpuset='90'/>
    <vcpupin vcpu='156' cpuset='177'/>
    <vcpupin vcpu='157' cpuset='81'/>
    <vcpupin vcpu='158' cpuset='69'/>
    <vcpupin vcpu='159' cpuset='165'/>
    <vcpupin vcpu='160' cpuset='168'/>
    <vcpupin vcpu='161' cpuset='72'/>
    <vcpupin vcpu='162' cpuset='153'/>
    <vcpupin vcpu='163' cpuset='57'/>
    <vcpupin vcpu='164' cpuset='167'/>
    <vcpupin vcpu='165' cpuset='71'/>
    <vcpupin vcpu='166' cpuset='176'/>
    <vcpupin vcpu='167' cpuset='80'/>
    <vcpupin vcpu='168' cpuset='78'/>
    <vcpupin vcpu='169' cpuset='174'/>
    <vcpupin vcpu='170' cpuset='70'/>
    <vcpupin vcpu='171' cpuset='166'/>
    <vcpupin vcpu='172' cpuset='53'/>
    <vcpupin vcpu='173' cpuset='149'/>
    <vcpupin vcpu='174' cpuset='50'/>
    <vcpupin vcpu='175' cpuset='146'/>
    <vcpupin vcpu='176' cpuset='164'/>
    <vcpupin vcpu='177' cpuset='68'/>
    <vcpupin vcpu='178' cpuset='171'/>
    <vcpupin vcpu='179' cpuset='75'/>
    <iothreadpin iothread='1' cpuset='0-45,48-93,96-141,144-189'/>
    <iothreadpin iothread='2' cpuset='0-45,48-93,96-141,144-189'/>
    <iothreadpin iothread='3' cpuset='0-45,48-93,96-141,144-189'/>
    <iothreadpin iothread='4' cpuset='0-45,48-93,96-141,144-189'/>
    <tpthreadpin cpuset='0,48,96,144'/>
  </cputune>
  <numatune>
    <memory mode='strict' nodeset='0-1'/>
    <memnode cellid='0' mode='strict' nodeset='0'/>
    <memnode cellid='1' mode='strict' nodeset='1'/>
  </numatune>
  <resource>
    <partition>/machine</partition>
  </resource>
  <sysinfo type='smbios'>
    <bios>
      <entry name='vendor'>ByteDance Inc.</entry>
    </bios>
    <system>
      <entry name='manufacturer'>ByteDance Inc.</entry>
      <entry name='product'>OpenStack Nova</entry>
      <entry name='version'>0.1</entry>
      <entry name='serial'>000c64c3-3aeb-fd4e-0003-b193a66cbeb9</entry>
      <entry name='family'>Virtual Machine</entry>
    </system>
  </sysinfo>
  <os>
    <type arch='x86_64' machine='pc-i440fx-5.2'>hvm</type>
    <loader readonly='yes' type='pflash'>/usr/share/OVMF/OVMF_CODE.fd</loader>
    <nvram template='/usr/share/OVMF/OVMF_VARS.fd'>/var/lib/volcstack/nvram/i-yckdwgykpaa8j70mnhkp.fd</nvram>
    <boot dev='hd'/>
    <boot dev='cdrom'/>
    <boot dev='network'/>
    <smbios mode='sysinfo'/>
  </os>
  <features>
    <acpi/>
    <pmu state='off'/>
    <ioapic driver='qemu'/>
    <host-phys-bits/>
  </features>
  <cpu mode='host-passthrough' check='none'>
    <topology sockets='2' dies='1' cores='45' threads='2'/>
    <cache mode='passthrough'/>
    <numa>
      <cell id='0' cpus='0-89' memory='1027604480' unit='KiB' memAccess='shared'/>
      <cell id='1' cpus='90-179' memory='1027604480' unit='KiB' memAccess='shared'/>
    </numa>
  </cpu>
  <clock offset='utc'>
    <timer name='pit' tickpolicy='delay'/>
    <timer name='rtc' tickpolicy='catchup'/>
  </clock>
  <on_poweroff>destroy</on_poweroff>
  <on_reboot>restart</on_reboot>
  <on_crash>restart</on_crash>
  <devices>
    <emulator>/usr/bin/qemu-system-x86_64</emulator>
    <disk type='vhostuser' device='disk' snapshot='no'>
      <driver name='qemu' type='raw' queues='4'/>
      <source type='unix' path='/var/tmp/bytelight/k4ude1yf47fz0x6n1t9h'>
        <reconnect enabled='yes' timeout='2'/>
      </source>
      <target dev='vda' bus='virtio'/>
      <iotune>
        <total_bytes_sec>2147483648</total_bytes_sec>
        <total_iops_sec>200000</total_iops_sec>
        <group_name>i-yckdwgykpaa8j70mnhkp</group_name>
      </iotune>
      <alias name='virtio-disk0'/>
      <address type='pci' domain='0x0000' bus='0x02' slot='0x01' function='0x0'/>
    </disk>
    <controller type='pci' index='0' model='pci-root'>
      <alias name='pci.0'/>
    </controller>
    <controller type='pci' index='1' model='pci-bridge'>
      <model name='pci-bridge'/>
      <target chassisNr='1'/>
      <alias name='pci.1'/>
      <address type='pci' domain='0x0000' bus='0x00' slot='0x0b' function='0x0'/>
    </controller>
    <controller type='pci' index='2' model='pci-bridge'>
      <model name='pci-bridge'/>
      <target chassisNr='2'/>
      <alias name='pci.2'/>
      <address type='pci' domain='0x0000' bus='0x00' slot='0x0c' function='0x0'/>
    </controller>
    <controller type='pci' index='3' model='pci-bridge'>
      <model name='pci-bridge'/>
      <target chassisNr='3'/>
      <alias name='pci.3'/>
      <address type='pci' domain='0x0000' bus='0x00' slot='0x0d' function='0x0'/>
    </controller>
    <controller type='pci' index='4' model='pci-bridge'>
      <model name='pci-bridge'/>
      <target chassisNr='4'/>
      <alias name='pci.4'/>
      <address type='pci' domain='0x0000' bus='0x00' slot='0x0e' function='0x0'/>
    </controller>
    <controller type='pci' index='5' model='pci-bridge'>
      <model name='pci-bridge'/>
      <target chassisNr='5'/>
      <alias name='pci.5'/>
      <address type='pci' domain='0x0000' bus='0x00' slot='0x0f' function='0x0'/>
    </controller>
    <controller type='pci' index='6' model='pci-expander-bus'>
      <model name='pxb'/>
      <target busNr='100'>
        <node>0</node>
      </target>
      <alias name='pci.6'/>
      <address type='pci' domain='0x0000' bus='0x00' slot='0x11' function='0x0'/>
    </controller>
    <controller type='pci' index='7' model='pci-expander-bus'>
      <model name='pxb'/>
      <target busNr='102'>
        <node>0</node>
      </target>
      <alias name='pci.7'/>
      <address type='pci' domain='0x0000' bus='0x00' slot='0x12' function='0x0'/>
    </controller>
    <controller type='pci' index='8' model='pci-expander-bus'>
      <model name='pxb'/>
      <target busNr='104'>
        <node>0</node>
      </target>
      <alias name='pci.8'/>
      <address type='pci' domain='0x0000' bus='0x00' slot='0x13' function='0x0'/>
    </controller>
    <controller type='pci' index='9' model='pci-expander-bus'>
      <model name='pxb'/>
      <target busNr='106'>
        <node>0</node>
      </target>
      <alias name='pci.9'/>
      <address type='pci' domain='0x0000' bus='0x00' slot='0x14' function='0x0'/>
    </controller>
    <controller type='pci' index='10' model='pci-expander-bus'>
      <model name='pxb'/>
      <target busNr='108'>
        <node>0</node>
      </target>
      <alias name='pci.10'/>
      <address type='pci' domain='0x0000' bus='0x00' slot='0x15' function='0x0'/>
    </controller>
    <controller type='pci' index='11' model='pci-expander-bus'>
      <model name='pxb'/>
      <target busNr='110'>
        <node>1</node>
      </target>
      <alias name='pci.11'/>
      <address type='pci' domain='0x0000' bus='0x00' slot='0x16' function='0x0'/>
    </controller>
    <controller type='pci' index='12' model='pci-expander-bus'>
      <model name='pxb'/>
      <target busNr='112'>
        <node>1</node>
      </target>
      <alias name='pci.12'/>
      <address type='pci' domain='0x0000' bus='0x00' slot='0x17' function='0x0'/>
    </controller>
    <controller type='pci' index='13' model='pci-expander-bus'>
      <model name='pxb'/>
      <target busNr='114'>
        <node>1</node>
      </target>
      <alias name='pci.13'/>
      <address type='pci' domain='0x0000' bus='0x00' slot='0x18' function='0x0'/>
    </controller>
    <controller type='pci' index='14' model='pci-expander-bus'>
      <model name='pxb'/>
      <target busNr='116'>
        <node>1</node>
      </target>
      <alias name='pci.14'/>
      <address type='pci' domain='0x0000' bus='0x00' slot='0x19' function='0x0'/>
    </controller>
    <controller type='usb' index='0' model='piix3-uhci'>
      <alias name='usb'/>
      <address type='pci' domain='0x0000' bus='0x00' slot='0x01' function='0x2'/>
    </controller>
    <controller type='usb' index='1' model='ehci'>
      <alias name='usb1'/>
      <address type='pci' domain='0x0000' bus='0x00' slot='0x1b' function='0x0'/>
    </controller>
    <controller type='usb' index='2' model='nec-xhci'>
      <alias name='usb2'/>
      <address type='pci' domain='0x0000' bus='0x00' slot='0x1c' function='0x0'/>
    </controller>
    <controller type='virtio-serial' index='0'>
      <alias name='virtio-serial0'/>
      <address type='pci' domain='0x0000' bus='0x00' slot='0x1a' function='0x0'/>
    </controller>
    <controller type='scsi' index='0' model='virtio-scsi'>
      <driver queues='4' iothread='1'/>
      <alias name='scsi0'/>
      <address type='pci' domain='0x0000' bus='0x01' slot='0x01' function='0x0'/>
    </controller>
    <controller type='scsi' index='1' model='virtio-scsi'>
      <driver queues='4' iothread='2'/>
      <alias name='scsi1'/>
      <address type='pci' domain='0x0000' bus='0x01' slot='0x02' function='0x0'/>
    </controller>
    <controller type='scsi' index='2' model='virtio-scsi'>
      <driver queues='4' iothread='3'/>
      <alias name='scsi2'/>
      <address type='pci' domain='0x0000' bus='0x01' slot='0x03' function='0x0'/>
    </controller>
    <controller type='scsi' index='3' model='virtio-scsi'>
      <driver queues='4' iothread='4'/>
      <alias name='scsi3'/>
      <address type='pci' domain='0x0000' bus='0x01' slot='0x04' function='0x0'/>
    </controller>
    <interface type='hostdev' managed='yes'>
      <mac address='00:16:3e:5d:08:e2'/>
      <driver name='vfio'/>
      <source>
        <address type='pci' domain='0x0000' bus='0x27' slot='0x00' function='0x7'/>
      </source>
      <port uuid='eni-13fch8s6qbg8w3n6nu59sa55d'/>
      <alias name='hostdev0'/>
      <address type='pci' domain='0x0000' bus='0x00' slot='0x02' function='0x0'/>
    </interface>
    <serial type='pty'>
      <source path='/dev/pts/0'/>
      <log file='/var/log/libvirt/qemu/i-yckdwgykpaa8j70mnhkp.console.log' append='on'/>
      <target type='isa-serial' port='0'>
        <model name='isa-serial'/>
      </target>
      <alias name='serial0'/>
    </serial>
    <console type='pty' tty='/dev/pts/0'>
      <source path='/dev/pts/0'/>
      <log file='/var/log/libvirt/qemu/i-yckdwgykpaa8j70mnhkp.console.log' append='on'/>
      <target type='serial' port='0'/>
      <alias name='serial0'/>
    </console>
    <channel type='unix'>
      <source mode='bind' path='/var/lib/libvirt/qemu/org.qemu.guest_agent.0.000c64c3-3aeb-fd4e-0003-b193a66cbeb9.sock'/>
      <target type='virtio' name='org.qemu.guest_agent.0' state='disconnected'/>
      <alias name='channel0'/>
      <address type='virtio-serial' controller='0' bus='0' port='1'/>
    </channel>
    <input type='tablet' bus='usb'>
      <alias name='input0'/>
      <address type='usb' bus='0' port='1'/>
    </input>
    <input type='keyboard' bus='usb'>
      <alias name='input1'/>
      <address type='usb' bus='0' port='2'/>
    </input>
    <input type='mouse' bus='usb'>
      <alias name='input2'/>
      <address type='usb' bus='1' port='1'/>
    </input>
    <input type='mouse' bus='ps2'>
      <alias name='input3'/>
    </input>
    <input type='keyboard' bus='ps2'>
      <alias name='input4'/>
    </input>
    <graphics type='vnc' port='5900' autoport='yes' listen='0.0.0.0' keymap='en-us'>
      <listen type='address' address='0.0.0.0'/>
    </graphics>
    <sound model='ich6'>
      <codec type='duplex'/>
      <alias name='sound0'/>
      <address type='pci' domain='0x0000' bus='0x00' slot='0x1d' function='0x0'/>
    </sound>
    <video>
      <model type='cirrus' vram='16384' heads='1' primary='yes'/>
      <alias name='video0'/>
      <address type='pci' domain='0x0000' bus='0x00' slot='0x1e' function='0x0'/>
    </video>
    <hostdev mode='subsystem' type='pci' managed='yes'>
      <driver name='vfio'/>
      <source>
        <address domain='0x0000' bus='0x18' slot='0x00' function='0x0'/>
      </source>
      <alias name='hostdev1'/>
      <address type='pci' domain='0x0000' bus='0x06' slot='0x01' function='0x0'/>
    </hostdev>
    <hostdev mode='subsystem' type='pci' managed='yes'>
      <driver name='vfio'/>
      <source>
        <address domain='0x0000' bus='0x41' slot='0x00' function='0x0'/>
      </source>
      <alias name='hostdev2'/>
      <address type='pci' domain='0x0000' bus='0x07' slot='0x01' function='0x0'/>
    </hostdev>
    <hostdev mode='subsystem' type='pci' managed='yes'>
      <driver name='vfio'/>
      <source>
        <address domain='0x0000' bus='0x4b' slot='0x00' function='0x0'/>
      </source>
      <alias name='hostdev3'/>
      <address type='pci' domain='0x0000' bus='0x08' slot='0x01' function='0x0'/>
    </hostdev>
    <hostdev mode='subsystem' type='pci' managed='yes'>
      <driver name='vfio'/>
      <source>
        <address domain='0x0000' bus='0x5d' slot='0x00' function='0x0'/>
      </source>
      <alias name='hostdev4'/>
      <address type='pci' domain='0x0000' bus='0x09' slot='0x01' function='0x0'/>
    </hostdev>
    <hostdev mode='subsystem' type='pci' managed='yes'>
      <driver name='vfio'/>
      <source>
        <address domain='0x0000' bus='0x9a' slot='0x00' function='0x0'/>
      </source>
      <alias name='hostdev5'/>
      <address type='pci' domain='0x0000' bus='0x0b' slot='0x01' function='0x0'/>
    </hostdev>
    <hostdev mode='subsystem' type='pci' managed='yes'>
      <driver name='vfio'/>
      <source>
        <address domain='0x0000' bus='0xbb' slot='0x00' function='0x0'/>
      </source>
      <alias name='hostdev6'/>
      <address type='pci' domain='0x0000' bus='0x0c' slot='0x01' function='0x0'/>
    </hostdev>
    <hostdev mode='subsystem' type='pci' managed='yes'>
      <driver name='vfio'/>
      <source>
        <address domain='0x0000' bus='0xca' slot='0x00' function='0x0'/>
      </source>
      <alias name='hostdev7'/>
      <address type='pci' domain='0x0000' bus='0x0d' slot='0x01' function='0x0'/>
    </hostdev>
    <hostdev mode='subsystem' type='pci' managed='yes'>
      <driver name='vfio'/>
      <source>
        <address domain='0x0000' bus='0xdb' slot='0x00' function='0x0'/>
      </source>
      <alias name='hostdev8'/>
      <address type='pci' domain='0x0000' bus='0x0e' slot='0x01' function='0x0'/>
    </hostdev>
    <hostdev mode='subsystem' type='pci' managed='yes'>
      <driver name='vfio'/>
      <source>
        <address domain='0x0000' bus='0x4d' slot='0x00' function='0x0'/>
      </source>
      <alias name='hostdev9'/>
      <address type='pci' domain='0x0000' bus='0x08' slot='0x02' function='0x0'/>
    </hostdev>
    <hostdev mode='subsystem' type='pci' managed='yes'>
      <driver name='vfio'/>
      <source>
        <address domain='0x0000' bus='0x42' slot='0x00' function='0x0'/>
      </source>
      <alias name='hostdev10'/>
      <address type='pci' domain='0x0000' bus='0x07' slot='0x02' function='0x0'/>
    </hostdev>
    <hostdev mode='subsystem' type='pci' managed='yes'>
      <driver name='vfio'/>
      <source>
        <address domain='0x0000' bus='0x1a' slot='0x00' function='0x0'/>
      </source>
      <alias name='hostdev11'/>
      <address type='pci' domain='0x0000' bus='0x06' slot='0x02' function='0x0'/>
    </hostdev>
    <hostdev mode='subsystem' type='pci' managed='yes'>
      <driver name='vfio'/>
      <source>
        <address domain='0x0000' bus='0xdc' slot='0x00' function='0x0'/>
      </source>
      <alias name='hostdev12'/>
      <address type='pci' domain='0x0000' bus='0x0e' slot='0x02' function='0x0'/>
    </hostdev>
    <hostdev mode='subsystem' type='pci' managed='yes'>
      <driver name='vfio'/>
      <source>
        <address domain='0x0000' bus='0x9c' slot='0x00' function='0x0'/>
      </source>
      <alias name='hostdev13'/>
      <address type='pci' domain='0x0000' bus='0x0b' slot='0x02' function='0x0'/>
    </hostdev>
    <hostdev mode='subsystem' type='pci' managed='yes'>
      <driver name='vfio'/>
      <source>
        <address domain='0x0000' bus='0x5e' slot='0x00' function='0x0'/>
      </source>
      <alias name='hostdev14'/>
      <address type='pci' domain='0x0000' bus='0x09' slot='0x02' function='0x0'/>
    </hostdev>
    <hostdev mode='subsystem' type='pci' managed='yes'>
      <driver name='vfio'/>
      <source>
        <address domain='0x0000' bus='0xcc' slot='0x00' function='0x0'/>
      </source>
      <alias name='hostdev15'/>
      <address type='pci' domain='0x0000' bus='0x0d' slot='0x02' function='0x0'/>
    </hostdev>
    <hostdev mode='subsystem' type='pci' managed='yes'>
      <driver name='vfio'/>
      <source>
        <address domain='0x0000' bus='0xbc' slot='0x00' function='0x0'/>
      </source>
      <alias name='hostdev16'/>
      <address type='pci' domain='0x0000' bus='0x0c' slot='0x02' function='0x0'/>
    </hostdev>
    <hostdev mode='subsystem' type='pci' managed='yes'>
      <driver name='vfio'/>
      <source>
        <address domain='0x0000' bus='0x3d' slot='0x00' function='0x0'/>
      </source>
      <alias name='hostdev17'/>
      <address type='pci' domain='0x0000' bus='0x0a' slot='0x01' function='0x0'/>
    </hostdev>
    <hostdev mode='subsystem' type='pci' managed='yes'>
      <driver name='vfio'/>
      <source>
        <address domain='0x0000' bus='0x3e' slot='0x00' function='0x0'/>
      </source>
      <alias name='hostdev18'/>
      <address type='pci' domain='0x0000' bus='0x0a' slot='0x02' function='0x0'/>
    </hostdev>
    <hostdev mode='subsystem' type='pci' managed='yes'>
      <driver name='vfio'/>
      <source>
        <address domain='0x0000' bus='0x3f' slot='0x00' function='0x0'/>
      </source>
      <alias name='hostdev19'/>
      <address type='pci' domain='0x0000' bus='0x0a' slot='0x03' function='0x0'/>
    </hostdev>
    <hostdev mode='subsystem' type='pci' managed='yes'>
      <driver name='vfio'/>
      <source>
        <address domain='0x0000' bus='0x40' slot='0x00' function='0x0'/>
      </source>
      <alias name='hostdev20'/>
      <address type='pci' domain='0x0000' bus='0x0a' slot='0x04' function='0x0'/>
    </hostdev>
    <hostdev mode='subsystem' type='pci' managed='yes'>
      <driver name='vfio'/>
      <source>
        <address domain='0x0000' bus='0x19' slot='0x00' function='0x0'/>
      </source>
      <alias name='hostdev21'/>
      <address type='pci' domain='0x0000' bus='0x06' slot='0x03' function='0x0'/>
    </hostdev>
    <hostdev mode='subsystem' type='pci' managed='yes'>
      <driver name='vfio'/>
      <source>
        <address domain='0x0000' bus='0x3a' slot='0x00' function='0x0'/>
      </source>
      <alias name='hostdev22'/>
      <address type='pci' domain='0x0000' bus='0x07' slot='0x03' function='0x0'/>
    </hostdev>
    <hostdev mode='subsystem' type='pci' managed='yes'>
      <driver name='vfio'/>
      <source>
        <address domain='0x0000' bus='0x4c' slot='0x00' function='0x0'/>
      </source>
      <alias name='hostdev23'/>
      <address type='pci' domain='0x0000' bus='0x08' slot='0x03' function='0x0'/>
    </hostdev>
    <hostdev mode='subsystem' type='pci' managed='yes'>
      <driver name='vfio'/>
      <source>
        <address domain='0x0000' bus='0x5c' slot='0x00' function='0x0'/>
      </source>
      <alias name='hostdev24'/>
      <address type='pci' domain='0x0000' bus='0x09' slot='0x03' function='0x0'/>
    </hostdev>
    <hostdev mode='subsystem' type='pci' managed='yes'>
      <driver name='vfio'/>
      <source>
        <address domain='0x0000' bus='0x9b' slot='0x00' function='0x0'/>
      </source>
      <alias name='hostdev25'/>
      <address type='pci' domain='0x0000' bus='0x0b' slot='0x03' function='0x0'/>
    </hostdev>
    <hostdev mode='subsystem' type='pci' managed='yes'>
      <driver name='vfio'/>
      <source>
        <address domain='0x0000' bus='0xba' slot='0x00' function='0x0'/>
      </source>
      <alias name='hostdev26'/>
      <address type='pci' domain='0x0000' bus='0x0c' slot='0x03' function='0x0'/>
    </hostdev>
    <hostdev mode='subsystem' type='pci' managed='yes'>
      <driver name='vfio'/>
      <source>
        <address domain='0x0000' bus='0xcb' slot='0x00' function='0x0'/>
      </source>
      <alias name='hostdev27'/>
      <address type='pci' domain='0x0000' bus='0x0d' slot='0x03' function='0x0'/>
    </hostdev>
    <hostdev mode='subsystem' type='pci' managed='yes'>
      <driver name='vfio'/>
      <source>
        <address domain='0x0000' bus='0xda' slot='0x00' function='0x0'/>
      </source>
      <alias name='hostdev28'/>
      <address type='pci' domain='0x0000' bus='0x0e' slot='0x03' function='0x0'/>
    </hostdev>
    <panic model='isa'>
      <address type='isa' iobase='0x505'/>
    </panic>
    <iommu model='intel'>
      <driver intremap='on' caching_mode='on'/>
    </iommu>
  </devices>
  <seclabel type='dynamic' model='dac' relabel='yes'>
    <label>+0:+0</label>
    <imagelabel>+0:+0</imagelabel>
  </seclabel>
  <qemu:commandline>
    <qemu:arg value='-fw_cfg'/>
    <qemu:arg value='name=opt/ovmf/X-PciMmio64Mb,string=4194304'/>
  </qemu:commandline>
</domain>

