<domain xmlns:qemu="http://libvirt.org/schemas/domain/qemu/1.0" type="kvm">
  <name>td-guest-grub</name>
  <memory unit="KiB">2097152</memory>
  <vcpu placement="static">8</vcpu>

  <iothreads>2</iothreads>
  <iothreadids>
    <iothread id='1'/>
    <iothread id='2'/>
  </iothreadids>

  <os>
    <type arch='x86_64' machine='q35'>hvm</type>
    <loader>/usr/share/OVMF/OVMF.fd</loader>
    <boot dev='hd'/>
  </os>
  <features>
    <acpi/>
    <apic/>
    <ioapic driver='qemu'/>
  </features>
  <clock offset='utc'>
    <timer name='hpet' present='no'/>
  </clock>
  <on_poweroff>destroy</on_poweroff>
  <on_reboot>restart</on_reboot>
  <on_crash>destroy</on_crash>
  <pm>
    <suspend-to-mem enable='no'/>
    <suspend-to-disk enable='no'/>
  </pm>
  <cpu mode='host-passthrough'>
    <topology sockets='1' cores='8' threads='1'/>
  </cpu>
  <devices>
    <emulator>/usr/bin/qemu-system-x86_64</emulator>
    <disk type="file" device="disk">
      <driver name='qemu' type='qcow2'/>
      <source file="/data02/images/tdx.2023-08-17/jammy.qcow2"/>
      <target dev="vda" bus="virtio"/>
    </disk>
    <interface type="network">
      <mac address="52:54:00:4a:57:5a"/>
      <source network="default"/>
      <model type="virtio"/>
    </interface>
    <console type='pty'>
      <target type='virtio' port='0'/>
    </console>
    <channel type='unix'>
      <source mode='bind'/>
      <target type='virtio' name='org.qemu.guest_agent.0'/>
    </channel>
  </devices>
  <allowReboot value='no'/>
  <launchSecurity type='tdx'>
    <policy>0x10000000</policy>
  </launchSecurity>
  <qemu:commandline>
    <qemu:arg value='-cpu'/>
    <qemu:arg value='host,-kvm-steal-time'/>
  </qemu:commandline>
</domain>
